{"cameraMode":{"drawMode":0,"name":"Shaded","section":"Shading Mode"},"sceneLighting":false,"audioPlay":false,"sceneViewState":{"m_AlwaysRefresh":false,"showFog":true,"showSkybox":true,"showFlares":true,"showImageEffects":true,"showParticleSystems":true,"showVisualEffectGraphs":true,"m_FxEnabled":true},"in2DMode":false,"pivot":{"x":1.600000023841858,"y":18.649999618530275,"z":20.3700008392334},"rotation":{"x":0.003435308812186122,"y":-0.9506548047065735,"z":0.3100966513156891,"w":0.010563584044575692},"size":1.1094483137130738,"orthographic":false}