{"cameraMode":{"drawMode":0,"name":"Shaded","section":"Shading Mode"},"sceneLighting":false,"audioPlay":false,"sceneViewState":{"m_AlwaysRefresh":false,"showFog":true,"showSkybox":true,"showFlares":true,"showImageEffects":true,"showParticleSystems":true,"showVisualEffectGraphs":true,"m_FxEnabled":true},"in2DMode":false,"pivot":{"x":-29.738664627075197,"y":0.029056549072265626,"z":32.97991180419922},"rotation":{"x":0.003435308812186122,"y":-0.9506548047065735,"z":0.3100966513156891,"w":0.010563584044575692},"size":38.17604064941406,"orthographic":false}