{"cameraMode":{"drawMode":0,"name":"Shaded","section":"Shading Mode"},"sceneLighting":false,"audioPlay":false,"sceneViewState":{"m_AlwaysRefresh":false,"showFog":true,"showSkybox":false,"showFlares":true,"showImageEffects":true,"showParticleSystems":true,"showVisualEffectGraphs":true,"m_FxEnabled":true},"in2DMode":false,"pivot":{"x":0.3115805387496948,"y":6.524528980255127,"z":0.057887643575668338},"rotation":{"x":-0.09180597960948944,"y":0.7615453004837036,"z":-0.11070029437541962,"w":-0.6320000290870667},"size":6.5858683586120609,"orthographic":false}